mean_s,mean_lower_95,mean_upper_95
0.021545377571,-0.281698,0.305233
-0.234766735839,-0.497294,0.0868936
0.0530611945637999,-0.229366,0.313831
-0.264733986623,-0.49824,0.0214376
0.0534532631610001,-0.225205,0.326631
-0.228647160703,-0.497191,0.127383
0.0511458784937,-0.218484,0.366426
