mean_s,mean_lower_95,mean_upper_95
-0.0302177357244,-0.184488,0.167542
0.04252641253,-0.118371,0.1866
