mean_s,mean_lower_95,mean_upper_95
-0.0418065640081,-0.143422,0.0823751
-0.0690173789128001,-0.217841,0.0628142
-0.026619431264,-0.141019,0.0959971
-0.104618252218,-0.227449,-0.00771736
