mean_s,mean_lower_95,mean_upper_95
-0.0831925627624,-0.359894,0.156391
