mean_s,mean_lower_95,mean_upper_95
0.0328852824046,-0.14022,0.205111
