mean_s,mean_lower_95,mean_upper_95
-0.223643309748,-0.435779,0.0637068
