mean_s,mean_lower_95,mean_upper_95
-0.0236185539016,-0.138813,0.0965878
