mean_s,mean_lower_95,mean_upper_95
-0.449090495999999,-0.499883,-0.366926
-0.0863835755062999,-0.331318,0.14505
0.155418596279,-0.0765915,0.432356
