mean_s,mean_lower_95,mean_upper_95
-0.356258396,-0.452698,-0.271853
-0.4011617976,-0.499941,-0.268856
