mean_s,mean_lower_95,mean_upper_95
0.0034354365404,-0.262739,0.297603
