mean_s,mean_lower_95,mean_upper_95
-0.031128129136,-0.259241,0.190564
