mean_s,mean_lower_95,mean_upper_95
0.013438470543,-0.21472,0.207967
0.007180790724,-0.205656,0.208526
