mean_s,mean_lower_95,mean_upper_95
0.16704899857,0.0801035,0.26007
