mean_s,mean_lower_95,mean_upper_95
0.11461943177,-0.0503872,0.292861
