mean_s,mean_lower_95,mean_upper_95
-0.440819836,-0.499846,-0.355065
