mean_s,mean_lower_95,mean_upper_95
-0.0586474677708,-0.258445,0.111632
-0.143773135522,-0.495205,0.207338
