mean_s,mean_lower_95,mean_upper_95
0.1952989864,0.119272,0.284479
