mean_s,mean_lower_95,mean_upper_95
0.425547794,0.308912,0.499859
-0.088015326966,-0.499045,0.365064
-0.241814215703,-0.499889,0.0520496
0.382377472,0.226549,0.499718
0.0611564840728,-0.301805,0.498553
-0.144973529997,-0.499222,0.326885
