mean_s,mean_lower_95,mean_upper_95
-0.068654079484,-0.490576,0.312239
-0.051388983319,-0.453981,0.336063
-0.019813336809,-0.373957,0.410597
-0.0991325096801999,-0.443494,0.211169
0.443301863,0.353033,0.499918
-0.1161115188647,-0.37461,0.152738
-0.093002876687,-0.499656,0.305481
