mean_s,mean_lower_95,mean_upper_95
-0.0635121737991,-0.343628,0.293595
-0.090311817658,-0.413689,0.26291
-0.0868817655525,-0.431441,0.256506
-0.1176807181323,-0.411309,0.171578
-0.103098803245,-0.413879,0.183975
