mean_s,mean_lower_95,mean_upper_95
-0.036082450793,-0.393649,0.336579
-0.0325712421,-0.37474,0.321888
