mean_s,mean_lower_95,mean_upper_95
-0.0965332133289998,-0.198268,0.0177778
