mean_s,mean_lower_95,mean_upper_95
-0.07636745124,-0.440451,0.25121
-0.1434957564321,-0.417501,0.160424
