mean_s,mean_lower_95,mean_upper_95
-0.20239429306,-0.457986,0.107603
