mean_s,mean_lower_95,mean_upper_95
-0.241091965278,-0.485372,0.039313
-0.0854607736330001,-0.424822,0.206661
-0.113033737676,-0.442047,0.149149
-0.082486680113,-0.39428,0.226345
-0.112201468659,-0.423902,0.169338
-0.102693976198,-0.411843,0.204728
-0.017519998565,-0.294553,0.244101
