mean_s,mean_lower_95,mean_upper_95
-0.010126026905,-0.293307,0.262345
