mean_s,mean_lower_95,mean_upper_95
0.043847604116,-0.302748,0.390413
-0.0089983475484,-0.263465,0.304635
-0.17593296218,-0.297035,-0.0575076
-0.014400727009,-0.435867,0.340963
