mean_s,mean_lower_95,mean_upper_95
-0.0454878095413,-0.348526,0.327275
