mean_s,mean_lower_95,mean_upper_95
0.00503474135,-0.208862,0.234804
