mean_s,mean_lower_95,mean_upper_95
0.0165079991522,-0.42283,0.451132
0.029131515182,-0.361058,0.478234
0.198673538702,-0.165165,0.49952
-0.00145894850770001,-0.310076,0.279131
-0.061405439773,-0.348983,0.312572
-0.324903065379999,-0.499419,-0.137566
-0.021295755032,-0.495181,0.371946
-0.079176297783,-0.499854,0.377763
-0.02082177165,-0.376552,0.371337
0.133238095837,-0.0669381,0.332283
0.0988022041529999,-0.0653361,0.321691
