mean_s,mean_lower_95,mean_upper_95
-0.0701608061449999,-0.358744,0.30532
-0.030641562368,-0.421758,0.409813
