mean_s,mean_lower_95,mean_upper_95
-0.1854979122589,-0.469163,0.13971
-0.231607056288,-0.498919,0.112604
-0.21826175826,-0.499308,0.126593
